,Mean,Std
Fold,2.0,1.0
AUC,0.6567669802963921,0.09598706595155022
Accuracy,0.7573099415204677,0.06165877027241956
BalancedAccuracy,0.6835452129569778,0.04007037683007308
Sensitivity,0.5873015873015873,0.13746434980705374
Specificity,0.779788838612368,0.08530875259354014
TopK,20.0,0.0
NTrain,115.33333333333333,0.5773502691896257
NTest,57.666666666666664,0.5773502691896258
Train_CN,102.66666666666667,0.5773502691896257
Train_Dementia,12.666666666666666,0.5773502691896257
Test_CN,51.333333333333336,0.5773502691896258
Test_Dementia,6.333333333333333,0.5773502691896258
