,Mean,Std
Fold,2.0,1.0
AUC,0.5311804208863032,0.21753345772922747
Accuracy,0.6656583988707401,0.18303993151190243
BalancedAccuracy,0.5204248366013072,0.24578742916546462
Sensitivity,0.3333333333333333,0.3333333333333333
Specificity,0.7075163398692811,0.16111972825594406
TopK,10.0,0.0
NTrain,115.33333333333333,0.5773502691896257
NTest,57.666666666666664,0.5773502691896258
Train_CN,102.66666666666667,0.5773502691896257
Train_Dementia,12.666666666666666,0.5773502691896257
Test_CN,51.333333333333336,0.5773502691896258
Test_Dementia,6.333333333333333,0.5773502691896258
