,Mean,Std
Fold,2.0,1.0
AUC,0.44300797241973705,0.12458671118885659
Accuracy,0.6301673724541238,0.07089234051000902
BalancedAccuracy,0.447954822954823,0.13681652771657576
Sensitivity,0.21428571428571427,0.25753937681885636
Specificity,0.6816239316239315,0.0642757103225023
TopK,10.0,0.0
NTrain,115.33333333333333,0.5773502691896257
NTest,57.666666666666664,0.5773502691896258
Train_CN,102.66666666666667,0.5773502691896257
Train_Dementia,12.666666666666666,0.5773502691896257
Test_CN,51.333333333333336,0.5773502691896258
Test_Dementia,6.333333333333333,0.5773502691896258
