,Mean,Std
Fold,2.0,1.0
AUC,0.5435041537982714,0.12413497518792696
Accuracy,0.7343214357733414,0.13334900996953367
BalancedAccuracy,0.4815772462831287,0.07763098262238378
Sensitivity,0.15873015873015872,0.013746434980705373
Specificity,0.8044243338360987,0.14202294009259112
TopK,50.0,0.0
NTrain,115.33333333333333,0.5773502691896257
NTest,57.666666666666664,0.5773502691896258
Train_CN,102.66666666666667,0.5773502691896257
Train_Dementia,12.666666666666666,0.5773502691896257
Test_CN,51.333333333333336,0.5773502691896258
Test_Dementia,6.333333333333333,0.5773502691896258
