,Mean,Std
Fold,2.0,1.0
AUC,0.5798498886734181,0.14768850038147396
Accuracy,0.7692075015124017,0.08733304618585894
BalancedAccuracy,0.5054047259929613,0.10898044765627156
Sensitivity,0.16666666666666666,0.16666666666666666
Specificity,0.8441427853192559,0.07845070728924898
TopK,30.0,0.0
NTrain,115.33333333333333,0.5773502691896257
NTest,57.666666666666664,0.5773502691896258
Train_CN,102.66666666666667,0.5773502691896257
Train_Dementia,12.666666666666666,0.5773502691896257
Test_CN,51.333333333333336,0.5773502691896258
Test_Dementia,6.333333333333333,0.5773502691896258
