,Mean,Std
Fold,2.0,1.0
AUC,0.64941104646987,0.11121928859713508
Accuracy,0.7513611615245009,0.012573871561298567
BalancedAccuracy,0.5899231487466782,0.11565546344623648
Sensitivity,0.38095238095238093,0.2651316363252392
Specificity,0.7988939165409753,0.0390509748197715
TopK,30.0,0.0
NTrain,115.33333333333333,0.5773502691896257
NTest,57.666666666666664,0.5773502691896258
Train_CN,102.66666666666667,0.5773502691896257
Train_Dementia,12.666666666666666,0.5773502691896257
Test_CN,51.333333333333336,0.5773502691896258
Test_Dementia,6.333333333333333,0.5773502691896258
