,Mean,Std
Fold,2.0,1.0
AUC,0.4374117168234815,0.18389075074966463
Accuracy,0.647610405323654,0.11646514360349991
BalancedAccuracy,0.4370286576168929,0.17671093004251118
Sensitivity,0.16666666666666666,0.2886751345948129
Specificity,0.7073906485671192,0.10321636266018475
TopK,5.0,0.0
NTrain,115.33333333333333,0.5773502691896257
NTest,57.666666666666664,0.5773502691896258
Train_CN,102.66666666666667,0.5773502691896257
Train_Dementia,12.666666666666666,0.5773502691896257
Test_CN,51.333333333333336,0.5773502691896258
Test_Dementia,6.333333333333333,0.5773502691896258
