,Mean,Std
Fold,2.0,1.0
AUC,0.4727489286312816,0.26071774724695806
Accuracy,0.647912885662432,0.11559815563915916
BalancedAccuracy,0.5312253106370753,0.17507148933914604
Sensitivity,0.38095238095238093,0.2651316363252391
Specificity,0.6814982403217696,0.09801117284668637
TopK,5.0,0.0
NTrain,115.33333333333333,0.5773502691896257
NTest,57.666666666666664,0.5773502691896258
Train_CN,102.66666666666667,0.5773502691896257
Train_Dementia,12.666666666666666,0.5773502691896257
Test_CN,51.333333333333336,0.5773502691896258
Test_Dementia,6.333333333333333,0.5773502691896258
